<ImportExportXml version="9.2.21081.137" SolutionPackageVersion="9.2" languagecode="1033" generatedBy="CrmLive" xmlns:xsi="http://www.w3.org/2001/XMLSchema-instance">
  <SolutionManifest>
    <UniqueName>ViewFetchXML</UniqueName>
    <LocalizedNames>
      <LocalizedName description="View FetchXML" languagecode="1033" />
    </LocalizedNames>
    <Descriptions>
      <Description description="+ Add another button near download FetchXML button in the advanced find window.&#xA;+ Direct view FetchXML in the open window, instead download FetchXML and view by XML viewer&#xA;+ Ready for Javascript code&#xA;+ Ready for CSharp code&#xA;+ Ready for WebApi Js code" languagecode="1033" />
    </Descriptions>
    <Version>1.4</Version>
    <Managed>0</Managed>
    <Publisher>
      <UniqueName>phuocle</UniqueName>
      <LocalizedNames>
        <LocalizedName description="PhuocLe" languagecode="1033" />
      </LocalizedNames>
      <Descriptions />
      <EMailAddress>vanphuoc@gmail.com</EMailAddress>
      <SupportingWebsiteUrl>http://phuocle.net</SupportingWebsiteUrl>
      <CustomizationPrefix>pl</CustomizationPrefix>
      <CustomizationOptionValuePrefix>50000</CustomizationOptionValuePrefix>
      <Addresses>
        <Address>
          <AddressNumber>1</AddressNumber>
          <AddressTypeCode>1</AddressTypeCode>
          <City xsi:nil="true"></City>
          <County xsi:nil="true"></County>
          <Country xsi:nil="true"></Country>
          <Fax xsi:nil="true"></Fax>
          <FreightTermsCode xsi:nil="true"></FreightTermsCode>
          <ImportSequenceNumber xsi:nil="true"></ImportSequenceNumber>
          <Latitude xsi:nil="true"></Latitude>
          <Line1 xsi:nil="true"></Line1>
          <Line2 xsi:nil="true"></Line2>
          <Line3 xsi:nil="true"></Line3>
          <Longitude xsi:nil="true"></Longitude>
          <Name xsi:nil="true"></Name>
          <PostalCode xsi:nil="true"></PostalCode>
          <PostOfficeBox xsi:nil="true"></PostOfficeBox>
          <PrimaryContactName xsi:nil="true"></PrimaryContactName>
          <ShippingMethodCode>1</ShippingMethodCode>
          <StateOrProvince xsi:nil="true"></StateOrProvince>
          <Telephone1 xsi:nil="true"></Telephone1>
          <Telephone2 xsi:nil="true"></Telephone2>
          <Telephone3 xsi:nil="true"></Telephone3>
          <TimeZoneRuleVersionNumber xsi:nil="true"></TimeZoneRuleVersionNumber>
          <UPSZone xsi:nil="true"></UPSZone>
          <UTCOffset xsi:nil="true"></UTCOffset>
          <UTCConversionTimeZoneCode xsi:nil="true"></UTCConversionTimeZoneCode>
        </Address>
        <Address>
          <AddressNumber>2</AddressNumber>
          <AddressTypeCode>1</AddressTypeCode>
          <City xsi:nil="true"></City>
          <County xsi:nil="true"></County>
          <Country xsi:nil="true"></Country>
          <Fax xsi:nil="true"></Fax>
          <FreightTermsCode xsi:nil="true"></FreightTermsCode>
          <ImportSequenceNumber xsi:nil="true"></ImportSequenceNumber>
          <Latitude xsi:nil="true"></Latitude>
          <Line1 xsi:nil="true"></Line1>
          <Line2 xsi:nil="true"></Line2>
          <Line3 xsi:nil="true"></Line3>
          <Longitude xsi:nil="true"></Longitude>
          <Name xsi:nil="true"></Name>
          <PostalCode xsi:nil="true"></PostalCode>
          <PostOfficeBox xsi:nil="true"></PostOfficeBox>
          <PrimaryContactName xsi:nil="true"></PrimaryContactName>
          <ShippingMethodCode>1</ShippingMethodCode>
          <StateOrProvince xsi:nil="true"></StateOrProvince>
          <Telephone1 xsi:nil="true"></Telephone1>
          <Telephone2 xsi:nil="true"></Telephone2>
          <Telephone3 xsi:nil="true"></Telephone3>
          <TimeZoneRuleVersionNumber xsi:nil="true"></TimeZoneRuleVersionNumber>
          <UPSZone xsi:nil="true"></UPSZone>
          <UTCOffset xsi:nil="true"></UTCOffset>
          <UTCConversionTimeZoneCode xsi:nil="true"></UTCConversionTimeZoneCode>
        </Address>
      </Addresses>
    </Publisher>
    <RootComponents>
      <RootComponent type="29" id="{fc5a15b0-d9b6-4b5a-8aa4-e445436e954a}" behavior="0" />
      <RootComponent type="50" schemaName=":RibbonDiffXml" behavior="0" />
      <RootComponent type="61" schemaName="pl_css/codemirror.css" behavior="0" />
      <RootComponent type="61" schemaName="pl_css/ViewFetchXML.css" behavior="0" />
      <RootComponent type="61" schemaName="pl_html/ViewFetchXML.html" behavior="0" />
      <RootComponent type="61" schemaName="pl_script/clipboard.min.js" behavior="0" />
      <RootComponent type="61" schemaName="pl_script/codemirror.js" behavior="0" />
      <RootComponent type="61" schemaName="pl_script/codemirror_mode_clike.js" behavior="0" />
      <RootComponent type="61" schemaName="pl_script/codemirror_mode_javascript.js" behavior="0" />
      <RootComponent type="61" schemaName="pl_script/codemirror_mode_xml.js" behavior="0" />
      <RootComponent type="61" schemaName="pl_script/ViewFetchXML.js" behavior="0" />
      <RootComponent type="61" schemaName="pl_script/vkbeautify.js" behavior="0" />
      <RootComponent type="91" id="{b91ee1bd-8604-ec11-b6e6-000d3aa2e6ae}" schemaName="ViewFetchXML.CustomAction, Version=1.0.0.0, Culture=en, PublicKeyToken=79ebea5a1c6f431b" behavior="0" />
      <RootComponent type="92" id="{bd1ee1bd-8604-ec11-b6e6-000d3aa2e6ae}" behavior="0" />
    </RootComponents>
    <MissingDependencies />
  </SolutionManifest>
</ImportExportXml>