<ImportExportXml xmlns:xsi="http://www.w3.org/2001/XMLSchema-instance">
  <Entities></Entities>
  <Roles></Roles>
  <Workflows></Workflows>
  <FieldSecurityProfiles></FieldSecurityProfiles>
  <Templates />
  <RibbonDiffXml>
    <CustomActions>
      <CustomAction Id="pl.ApplicationRibbon.Button.ViewFetchXML.CustomAction" Location="Mscrm.AdvancedFind.Groups.Debug.Controls._children" Sequence="35">
        <CommandUIDefinition>
          <Button Command="pl.ApplicationRibbon.Command.ViewFetchXML" Id="pl.ApplicationRibbon.Button.ViewFetchXML" Image32by32="/_imgs/Ribbon/EditProperties_32.png" Image16by16="/_imgs/Ribbon/EditProperties_16.png" LabelText="$LocLabels:pl.ApplicationRibbon.Button.ViewFetchXML.LabelText" Sequence="35" TemplateAlias="o1" />
        </CommandUIDefinition>
      </CustomAction>
    </CustomActions>
    <Templates>
      <RibbonTemplates Id="Mscrm.Templates"></RibbonTemplates>
    </Templates>
    <CommandDefinitions>
      <CommandDefinition Id="pl.ApplicationRibbon.Command.ViewFetchXML">
        <EnableRules />
        <DisplayRules />
        <Actions>
          <JavaScriptFunction FunctionName="onViewFetchXMLClick" Library="$webresource:pl_script/ViewFetchXML.js" />
        </Actions>
      </CommandDefinition>
    </CommandDefinitions>
    <RuleDefinitions>
      <TabDisplayRules />
      <DisplayRules />
      <EnableRules />
    </RuleDefinitions>
    <LocLabels>
      <LocLabel Id="pl.ApplicationRibbon.Button.ViewFetchXML.LabelText">
        <Titles>
          <Title description="View FetchXML" languagecode="1033" />
        </Titles>
      </LocLabel>
    </LocLabels>
  </RibbonDiffXml>
  <EntityMaps />
  <EntityRelationships />
  <OrganizationSettings />
  <optionsets />
  <WebResources>
    <WebResource>
      <WebResourceId>{3b8511f6-494e-e611-80cf-0800279250c5}</WebResourceId>
      <Name>pl_script/ViewFetchXML.js</Name>
      <DisplayName>pl_script/ViewFetchXML.js</DisplayName>
      <WebResourceType>3</WebResourceType>
      <IntroducedVersion>1.0.0.0</IntroducedVersion>
      <IsEnabledForMobileClient>0</IsEnabledForMobileClient>
      <IsCustomizable>1</IsCustomizable>
      <CanBeDeleted>1</CanBeDeleted>
      <IsHidden>0</IsHidden>
      <FileName>/WebResources/pl_scriptViewFetchXMLjs3B8511F6-494E-E611-80CF-0800279250C5</FileName>
    </WebResource>
    <WebResource>
      <WebResourceId>{7292dd5d-4f4e-e611-80cf-0800279250c5}</WebResourceId>
      <Name>pl_html/ViewFetchXML.html</Name>
      <DisplayName>pl_html/ViewFetchXML.html</DisplayName>
      <WebResourceType>1</WebResourceType>
      <IntroducedVersion>1.0</IntroducedVersion>
      <IsEnabledForMobileClient>0</IsEnabledForMobileClient>
      <IsCustomizable>1</IsCustomizable>
      <CanBeDeleted>1</CanBeDeleted>
      <IsHidden>0</IsHidden>
      <FileName>/WebResources/pl_htmlViewFetchXMLhtml7292DD5D-4F4E-E611-80CF-0800279250C5</FileName>
    </WebResource>
    <WebResource>
      <WebResourceId>{224e0100-534e-e611-80cf-0800279250c5}</WebResourceId>
      <Name>pl_css/codemirror.css</Name>
      <DisplayName>pl_css/codemirror.css</DisplayName>
      <WebResourceType>2</WebResourceType>
      <IntroducedVersion>1.0</IntroducedVersion>
      <IsEnabledForMobileClient>0</IsEnabledForMobileClient>
      <IsCustomizable>1</IsCustomizable>
      <CanBeDeleted>1</CanBeDeleted>
      <IsHidden>0</IsHidden>
      <FileName>/WebResources/pl_csscodemirrorcss224E0100-534E-E611-80CF-0800279250C5</FileName>
    </WebResource>
    <WebResource>
      <WebResourceId>{254e0100-534e-e611-80cf-0800279250c5}</WebResourceId>
      <Name>pl_script/codemirror.js</Name>
      <DisplayName>pl_script/codemirror.js</DisplayName>
      <WebResourceType>3</WebResourceType>
      <IntroducedVersion>1.0</IntroducedVersion>
      <IsEnabledForMobileClient>0</IsEnabledForMobileClient>
      <IsCustomizable>1</IsCustomizable>
      <CanBeDeleted>1</CanBeDeleted>
      <IsHidden>0</IsHidden>
      <FileName>/WebResources/pl_scriptcodemirrorjs254E0100-534E-E611-80CF-0800279250C5</FileName>
    </WebResource>
    <WebResource>
      <WebResourceId>{83f60009-544e-e611-80cf-0800279250c5}</WebResourceId>
      <Name>pl_css/ViewFetchXML.css</Name>
      <DisplayName>pl_css/ViewFetchXML.css</DisplayName>
      <WebResourceType>2</WebResourceType>
      <IntroducedVersion>1.0</IntroducedVersion>
      <IsEnabledForMobileClient>0</IsEnabledForMobileClient>
      <IsCustomizable>1</IsCustomizable>
      <CanBeDeleted>1</CanBeDeleted>
      <IsHidden>0</IsHidden>
      <FileName>/WebResources/pl_cssViewFetchXMLcss83F60009-544E-E611-80CF-0800279250C5</FileName>
    </WebResource>
    <WebResource>
      <WebResourceId>{60694902-5c4e-e611-80cf-0800279250c5}</WebResourceId>
      <Name>pl_script/codemirror_mode_xml.js</Name>
      <DisplayName>pl_script/codemirror_mode_xml.js</DisplayName>
      <WebResourceType>3</WebResourceType>
      <IntroducedVersion>1.0</IntroducedVersion>
      <IsEnabledForMobileClient>0</IsEnabledForMobileClient>
      <IsCustomizable>1</IsCustomizable>
      <CanBeDeleted>1</CanBeDeleted>
      <IsHidden>0</IsHidden>
      <FileName>/WebResources/pl_scriptcodemirror_mode_xmljs60694902-5C4E-E611-80CF-0800279250C5</FileName>
    </WebResource>
    <WebResource>
      <WebResourceId>{8af22966-f04e-e611-80cf-0800279250c5}</WebResourceId>
      <Name>pl_script/vkbeautify.js</Name>
      <DisplayName>pl_script/vkbeautify.js</DisplayName>
      <WebResourceType>3</WebResourceType>
      <IntroducedVersion>1.0</IntroducedVersion>
      <IsEnabledForMobileClient>0</IsEnabledForMobileClient>
      <IsCustomizable>1</IsCustomizable>
      <CanBeDeleted>1</CanBeDeleted>
      <IsHidden>0</IsHidden>
      <FileName>/WebResources/pl_scriptvkbeautifyjs8AF22966-F04E-E611-80CF-0800279250C5</FileName>
    </WebResource>
  </WebResources>
  <Languages>
    <Language>1033</Language>
  </Languages>
</ImportExportXml>