<ImportExportXml xmlns:xsi="http://www.w3.org/2001/XMLSchema-instance">
  <Entities></Entities>
  <Roles></Roles>
  <Workflows>
    <Workflow WorkflowId="{fc5a15b0-d9b6-4b5a-8aa4-e445436e954a}" Name="ViewFetchXML">
      <XamlFileName>/Workflows/ViewFetchXML-FC5A15B0-D9B6-4B5A-8AA4-E445436E954A.xaml</XamlFileName>
      <Type>1</Type>
      <Subprocess>0</Subprocess>
      <Category>3</Category>
      <Mode>0</Mode>
      <Scope>4</Scope>
      <OnDemand>0</OnDemand>
      <TriggerOnCreate>0</TriggerOnCreate>
      <TriggerOnDelete>0</TriggerOnDelete>
      <AsyncAutodelete>0</AsyncAutodelete>
      <SyncWorkflowLogOnFailure>1</SyncWorkflowLogOnFailure>
      <StateCode>1</StateCode>
      <StatusCode>2</StatusCode>
      <CreateStage>40</CreateStage>
      <RunAs>1</RunAs>
      <SdkMessageId>{ae554f27-7f04-ec11-b6e6-000d3aa2e6ae}</SdkMessageId>
      <UniqueName>ViewFetchXML</UniqueName>
      <IsTransacted>1</IsTransacted>
      <IntroducedVersion>1.3</IntroducedVersion>
      <IsCustomizable>1</IsCustomizable>
      <FormId>{00000000-0000-0000-0000-000000000000}</FormId>
      <IsCustomProcessingStepAllowedForOtherPublishers>1</IsCustomProcessingStepAllowedForOtherPublishers>
      <PrimaryEntity>none</PrimaryEntity>
      <LocalizedNames>
        <LocalizedName languagecode="1033" description="ViewFetchXML" />
      </LocalizedNames>
    </Workflow>
  </Workflows>
  <FieldSecurityProfiles></FieldSecurityProfiles>
  <Templates />
  <RibbonDiffXml>
    <CustomActions>
      <CustomAction Id="pl.ApplicationRibbon.Button.ViewFetchXML.CustomAction" Location="Mscrm.AdvancedFind.Groups.Debug.Controls._children" Sequence="35">
        <CommandUIDefinition>
          <Button Command="pl.ApplicationRibbon.Command.ViewFetchXML" Id="pl.ApplicationRibbon.Button.ViewFetchXML" Image32by32="/_imgs/Ribbon/EditProperties_32.png" Image16by16="/_imgs/Ribbon/EditProperties_16.png" LabelText="$LocLabels:pl.ApplicationRibbon.Button.ViewFetchXML.LabelText" Sequence="35" TemplateAlias="o1" />
        </CommandUIDefinition>
      </CustomAction>
    </CustomActions>
    <Templates>
      <RibbonTemplates Id="Mscrm.Templates"></RibbonTemplates>
    </Templates>
    <CommandDefinitions>
      <CommandDefinition Id="pl.ApplicationRibbon.Command.ViewFetchXML">
        <EnableRules />
        <DisplayRules />
        <Actions>
          <JavaScriptFunction FunctionName="onViewFetchXMLClick" Library="$webresource:pl_script/ViewFetchXML.js" />
        </Actions>
      </CommandDefinition>
    </CommandDefinitions>
    <RuleDefinitions>
      <TabDisplayRules />
      <DisplayRules />
      <EnableRules />
    </RuleDefinitions>
    <LocLabels>
      <LocLabel Id="pl.ApplicationRibbon.Button.ViewFetchXML.LabelText">
        <Titles>
          <Title description="View FetchXML" languagecode="1033" />
        </Titles>
      </LocLabel>
    </LocLabels>
  </RibbonDiffXml>
  <EntityMaps />
  <EntityRelationships />
  <OrganizationSettings />
  <optionsets />
  <WebResources>
    <WebResource>
      <WebResourceId>{3b8511f6-494e-e611-80cf-0800279250c5}</WebResourceId>
      <Name>pl_script/ViewFetchXML.js</Name>
      <DisplayName>pl_script/ViewFetchXML.js</DisplayName>
      <WebResourceType>3</WebResourceType>
      <IntroducedVersion>1.0.0.0</IntroducedVersion>
      <IsEnabledForMobileClient>0</IsEnabledForMobileClient>
      <IsAvailableForMobileOffline>0</IsAvailableForMobileOffline>
      <IsCustomizable>1</IsCustomizable>
      <CanBeDeleted>1</CanBeDeleted>
      <IsHidden>0</IsHidden>
      <FileName>/WebResources/pl_scriptViewFetchXMLjs3B8511F6-494E-E611-80CF-0800279250C5</FileName>
    </WebResource>
    <WebResource>
      <WebResourceId>{7292dd5d-4f4e-e611-80cf-0800279250c5}</WebResourceId>
      <Name>pl_html/ViewFetchXML.html</Name>
      <DisplayName>pl_html/ViewFetchXML.html</DisplayName>
      <WebResourceType>1</WebResourceType>
      <IntroducedVersion>1.0</IntroducedVersion>
      <IsEnabledForMobileClient>0</IsEnabledForMobileClient>
      <IsAvailableForMobileOffline>0</IsAvailableForMobileOffline>
      <IsCustomizable>1</IsCustomizable>
      <CanBeDeleted>1</CanBeDeleted>
      <IsHidden>0</IsHidden>
      <FileName>/WebResources/pl_htmlViewFetchXMLhtml7292DD5D-4F4E-E611-80CF-0800279250C5</FileName>
    </WebResource>
    <WebResource>
      <WebResourceId>{224e0100-534e-e611-80cf-0800279250c5}</WebResourceId>
      <Name>pl_css/codemirror.css</Name>
      <DisplayName>pl_css/codemirror.css</DisplayName>
      <WebResourceType>2</WebResourceType>
      <IntroducedVersion>1.0</IntroducedVersion>
      <IsEnabledForMobileClient>0</IsEnabledForMobileClient>
      <IsAvailableForMobileOffline>0</IsAvailableForMobileOffline>
      <IsCustomizable>1</IsCustomizable>
      <CanBeDeleted>1</CanBeDeleted>
      <IsHidden>0</IsHidden>
      <FileName>/WebResources/pl_csscodemirrorcss224E0100-534E-E611-80CF-0800279250C5</FileName>
    </WebResource>
    <WebResource>
      <WebResourceId>{254e0100-534e-e611-80cf-0800279250c5}</WebResourceId>
      <Name>pl_script/codemirror.js</Name>
      <DisplayName>pl_script/codemirror.js</DisplayName>
      <WebResourceType>3</WebResourceType>
      <IntroducedVersion>1.0</IntroducedVersion>
      <IsEnabledForMobileClient>0</IsEnabledForMobileClient>
      <IsAvailableForMobileOffline>0</IsAvailableForMobileOffline>
      <IsCustomizable>1</IsCustomizable>
      <CanBeDeleted>1</CanBeDeleted>
      <IsHidden>0</IsHidden>
      <FileName>/WebResources/pl_scriptcodemirrorjs254E0100-534E-E611-80CF-0800279250C5</FileName>
    </WebResource>
    <WebResource>
      <WebResourceId>{83f60009-544e-e611-80cf-0800279250c5}</WebResourceId>
      <Name>pl_css/ViewFetchXML.css</Name>
      <DisplayName>pl_css/ViewFetchXML.css</DisplayName>
      <WebResourceType>2</WebResourceType>
      <IntroducedVersion>1.0</IntroducedVersion>
      <IsEnabledForMobileClient>0</IsEnabledForMobileClient>
      <IsAvailableForMobileOffline>0</IsAvailableForMobileOffline>
      <IsCustomizable>1</IsCustomizable>
      <CanBeDeleted>1</CanBeDeleted>
      <IsHidden>0</IsHidden>
      <FileName>/WebResources/pl_cssViewFetchXMLcss83F60009-544E-E611-80CF-0800279250C5</FileName>
    </WebResource>
    <WebResource>
      <WebResourceId>{60694902-5c4e-e611-80cf-0800279250c5}</WebResourceId>
      <Name>pl_script/codemirror_mode_xml.js</Name>
      <DisplayName>pl_script/codemirror_mode_xml.js</DisplayName>
      <WebResourceType>3</WebResourceType>
      <IntroducedVersion>1.0</IntroducedVersion>
      <IsEnabledForMobileClient>0</IsEnabledForMobileClient>
      <IsAvailableForMobileOffline>0</IsAvailableForMobileOffline>
      <IsCustomizable>1</IsCustomizable>
      <CanBeDeleted>1</CanBeDeleted>
      <IsHidden>0</IsHidden>
      <FileName>/WebResources/pl_scriptcodemirror_mode_xmljs60694902-5C4E-E611-80CF-0800279250C5</FileName>
    </WebResource>
    <WebResource>
      <WebResourceId>{8af22966-f04e-e611-80cf-0800279250c5}</WebResourceId>
      <Name>pl_script/vkbeautify.js</Name>
      <DisplayName>pl_script/vkbeautify.js</DisplayName>
      <WebResourceType>3</WebResourceType>
      <IntroducedVersion>1.0</IntroducedVersion>
      <IsEnabledForMobileClient>0</IsEnabledForMobileClient>
      <IsAvailableForMobileOffline>0</IsAvailableForMobileOffline>
      <IsCustomizable>1</IsCustomizable>
      <CanBeDeleted>1</CanBeDeleted>
      <IsHidden>0</IsHidden>
      <FileName>/WebResources/pl_scriptvkbeautifyjs8AF22966-F04E-E611-80CF-0800279250C5</FileName>
    </WebResource>
    <WebResource>
      <WebResourceId>{02b5f1db-1eff-e611-80fd-080027ddf084}</WebResourceId>
      <Name>pl_script/clipboard.min.js</Name>
      <DisplayName>pl_script/clipboard.min.js</DisplayName>
      <WebResourceType>3</WebResourceType>
      <IntroducedVersion>1.0</IntroducedVersion>
      <IsEnabledForMobileClient>0</IsEnabledForMobileClient>
      <IsAvailableForMobileOffline>0</IsAvailableForMobileOffline>
      <IsCustomizable>1</IsCustomizable>
      <CanBeDeleted>1</CanBeDeleted>
      <IsHidden>0</IsHidden>
      <FileName>/WebResources/pl_scriptclipboardminjs02B5F1DB-1EFF-E611-80FD-080027DDF084</FileName>
    </WebResource>
    <WebResource>
      <WebResourceId>{039198ed-24ff-e611-80fd-080027ddf084}</WebResourceId>
      <Name>pl_script/codemirror_mode_javascript.js</Name>
      <DisplayName>pl_script/codemirror_mode_javascript.js</DisplayName>
      <WebResourceType>3</WebResourceType>
      <IntroducedVersion>1.0</IntroducedVersion>
      <IsEnabledForMobileClient>0</IsEnabledForMobileClient>
      <IsAvailableForMobileOffline>0</IsAvailableForMobileOffline>
      <IsCustomizable>1</IsCustomizable>
      <CanBeDeleted>1</CanBeDeleted>
      <IsHidden>0</IsHidden>
      <FileName>/WebResources/pl_scriptcodemirror_mode_javascriptjs039198ED-24FF-E611-80FD-080027DDF084</FileName>
    </WebResource>
    <WebResource>
      <WebResourceId>{6c8abf0b-28ff-e611-80fd-080027ddf084}</WebResourceId>
      <Name>pl_script/codemirror_mode_clike.js</Name>
      <DisplayName>pl_script/codemirror_mode_clike.js</DisplayName>
      <WebResourceType>3</WebResourceType>
      <IntroducedVersion>1.0</IntroducedVersion>
      <IsEnabledForMobileClient>0</IsEnabledForMobileClient>
      <IsAvailableForMobileOffline>0</IsAvailableForMobileOffline>
      <IsCustomizable>1</IsCustomizable>
      <CanBeDeleted>1</CanBeDeleted>
      <IsHidden>0</IsHidden>
      <FileName>/WebResources/pl_scriptcodemirror_mode_clikejs6C8ABF0B-28FF-E611-80FD-080027DDF084</FileName>
    </WebResource>
  </WebResources>
  <CustomControls />
  <SolutionPluginAssemblies>
    <PluginAssembly FullName="ViewFetchXML.CustomAction, Version=1.0.0.0, Culture=en, PublicKeyToken=79ebea5a1c6f431b" PluginAssemblyId="b91ee1bd-8604-ec11-b6e6-000d3aa2e6ae" CustomizationLevel="1">
      <IsolationMode>2</IsolationMode>
      <SourceType>0</SourceType>
      <IntroducedVersion>1.3</IntroducedVersion>
      <FileName>/PluginAssemblies/ViewFetchXMLCustomAction-B91EE1BD-8604-EC11-B6E6-000D3AA2E6AE/ViewFetchXMLCustomAction.dll</FileName>
      <PluginTypes>
        <PluginType AssemblyQualifiedName="ViewFetchXML.CustomAction.PostNonepl_ViewFetchXMLSynchronous, ViewFetchXML.CustomAction, Version=1.0.0.0, Culture=en, PublicKeyToken=79ebea5a1c6f431b" PluginTypeId="bc1ee1bd-8604-ec11-b6e6-000d3aa2e6ae" Name="ViewFetchXML.CustomAction.PostNonepl_ViewFetchXMLSynchronous">
          <FriendlyName>ViewFetchXML.CustomAction.PostNonepl_ViewFetchXMLSynchronous</FriendlyName>
        </PluginType>
      </PluginTypes>
    </PluginAssembly>
  </SolutionPluginAssemblies>
  <SdkMessageProcessingSteps>
    <SdkMessageProcessingStep Name="ViewFetchXML.CustomAction.PostNonepl_ViewFetchXMLSynchronous" SdkMessageProcessingStepId="{bd1ee1bd-8604-ec11-b6e6-000d3aa2e6ae}">
      <SdkMessageId>ae554f27-7f04-ec11-b6e6-000d3aa2e6ae</SdkMessageId>
      <PluginTypeName>ViewFetchXML.CustomAction.PostNonepl_ViewFetchXMLSynchronous, ViewFetchXML.CustomAction, Version=1.0.0.0, Culture=en, PublicKeyToken=79ebea5a1c6f431b</PluginTypeName>
      <PluginTypeId>bc1ee1bd-8604-ec11-b6e6-000d3aa2e6ae</PluginTypeId>
      <AsyncAutoDelete>0</AsyncAutoDelete>
      <FilteringAttributes></FilteringAttributes>
      <InvocationSource>0</InvocationSource>
      <Mode>0</Mode>
      <Rank>1</Rank>
      <EventHandlerTypeCode>4602</EventHandlerTypeCode>
      <Stage>40</Stage>
      <IsCustomizable>1</IsCustomizable>
      <IsHidden>0</IsHidden>
      <SupportedDeployment>0</SupportedDeployment>
      <IntroducedVersion>1.3</IntroducedVersion>
      <SdkMessageProcessingStepImages />
    </SdkMessageProcessingStep>
  </SdkMessageProcessingSteps>
  <EntityDataProviders />
  <Languages>
    <Language>1033</Language>
  </Languages>
</ImportExportXml>